Alexander Alexander Turinske alexanderturinske a.turinske@gmail.com

Andrew Andrew Ho andrewh0 aho338@gmail.com

Arun Arun Vasudevan CodeRISHI arunv83@gmail.com

Ashwin Ashwin Ravi ashsravi ash.s.ravi@gmail.com

Boge're Bo Sanders Biletnikoff bogere.sanders@gmail.com

Brandon Brandon Ramirez Zerim brandon.r.ramirez@gmail.com

Christopher Chris Lardizabal clardizabal chris.lardizabal@gmail.com

Claire Claire Hsu cehsu clairehsu86@gmail.com

David David Gilroy dgilroy77 dgilroy77@gmail.com

Dylan Dylan Kuang dylanksup dylankuang@ucla.edu

Dylan Dylan Tran controtie dylan.ad.tran@gmail.com

Elizabeth Lizzy Harris CodeLizards ebharris93@gmail.com

Genevieve Genevieve Sublette Genevieve1722 gsublette@gmail.com

Haoming Hao Huang haomingh hhuang08@gmail.com

Jeremy Jeremy Rosenfeld JeremyIR jeremy.i.rosenfeld@gmail.com

JinOk Jin Bok devJin86 DevJin86@gmail.com

Joel Joel Aguero joelaguero ja5732@gmail.com

Jonathen Jonathen Chen jonathen09 jonathen0915@gmail.com

John John Zuccarelli Jzucca Zucca22@gmail.com

Josh Josh Wentworth Jdubz contact@joshwentworth.com

Jovani Jovani Martinez Rico jovanimtzrico jovanimtzrico@gmail.com

Kenneth Kenneth Montgomery BigBroken Kennethmontgo@gmail.com

Kevin Kevin Meraz kevinemeraz kevinemeraz@gmail.com

Kim Kim Curran kimcurran currankim7@gmail.com

Laura Laura Curley lauracurley info@lauracurley.com

Mark Mark Tyneway Tynes tyneway12@gmail.com

Michael Michael Balarezo mrezo balarezo.m@gmail.com

Muhammad Muhammad Naqvi smnaqvi89 naqvi.muhammad@gmail.com

Nemo Nemo Baker nemobaker nemobaker@gmail.com

Reid Reid Greer jreidgreer jreid.greer@gmail.com

Reina Reina Mei reinaisnothere reinameic@gmail.com

Sofia Sofia Berlin sofiamay sofiamberlin@gmail.com

Sylvia Sylvia Yanakieva sylvia-yana sylvia.yanakieva@gmail.com

Thomas Thomas Ingalls thomasingalls thomasingalls@gmail.com

Travis Travis Carson travisCarson tlcecomm@gmail.com

Will Will Wheeler willfulbard willfulbard@gmail.com

Wilson Wilson Yu somethiiing wilsonweichengyu@gmail.com
